circuit_depth,num_gates,num_qubits,entanglement,circuit_type,noise_level,gate_density,two_qubit_ratio,strategy,none_accuracy,zne_accuracy,mem_accuracy,cdr_accuracy,best_accuracy
2,3,6,swap,random,light,0.25,0.3333333333333333,mem,0.8257223509048491,0.9257223509048491,0.9357223509048491,0.8557223509048492,0.9357223509048491
5,8,4,cz,random,medium,0.4,0.375,zne,0.4690823006435403,0.5690823006435403,0.5590823006435403,0.5290823006435403,0.5690823006435403
3,7,5,cx,random,heavy,0.4666666666666667,0.14285714285714285,zne,0.32223758892591425,0.42223758892591423,0.42223758892591423,0.3522375889259143,0.42223758892591423
4,6,5,swap,random,heavy,0.3,0.8333333333333334,zne,0.7567746932053819,0.8567746932053819,0.8567746932053819,0.786774693205382,0.8567746932053819
3,6,7,cz,random,heavy,0.2857142857142857,0.0,mem,0.5763627301761242,0.6763627301761241,0.6963627301761242,0.6063627301761242,0.6963627301761242
5,10,6,cz,random,heavy,0.3333333333333333,0.7,mem,0.6905306477201159,0.7905306477201158,0.8005306477201158,0.7205306477201159,0.8005306477201158
2,2,4,cx,random,light,0.25,0.5,zne,0.9898048110447342,1.0898048110447343,0.95,0.92,1.0898048110447343
5,10,6,cz,random,light,0.3333333333333333,0.4,mem,0.8235540726453002,0.9235540726453002,0.9335540726453002,0.8535540726453003,0.9335540726453002
2,3,6,cx,random,light,0.25,0.3333333333333333,zne,0.9777914412070927,1.0777914412070928,0.95,0.92,1.0777914412070928
5,10,7,cx,random,medium,0.2857142857142857,0.5,mem,0.7559736707837306,0.8559736707837305,0.8759736707837306,0.8219736707837306,0.8759736707837306
6,9,6,cx,random,medium,0.25,0.5555555555555556,mem,0.7559255605057689,0.8559255605057688,0.8659255605057689,0.7859255605057689,0.8659255605057689
2,3,6,swap,random,medium,0.25,0.6666666666666666,zne,0.9643030824683906,1.0643030824683906,0.95,0.92,1.0643030824683906
4,8,7,swap,random,medium,0.2857142857142857,0.5,mem,0.7783152605223072,0.8783152605223071,0.8983152605223071,0.8533152605223071,0.8983152605223071
3,5,2,swap,random,medium,0.8333333333333334,0.0,none,0.7692391277057489,0.8692391277057488,0.8392391277057489,0.7992391277057489,0.7692391277057489
3,5,4,cx,random,medium,0.4166666666666667,0.0,zne,0.9824597477192675,1.0824597477192675,0.95,0.92,1.0824597477192675
9,13,5,cx,random,light,0.28888888888888886,0.15384615384615385,zne,0.6183442519640592,0.7183442519640592,0.7183442519640592,0.6483442519640592,0.7183442519640592
5,11,7,swap,random,medium,0.3142857142857143,0.5454545454545454,mem,0.6363474746284534,0.7363474746284534,0.7563474746284534,0.6772565655375443,0.7563474746284534
8,9,2,cx,random,light,0.5625,0.3333333333333333,zne,0.3,0.4,0.37,0.35666666666666663,0.4
4,9,8,swap,random,heavy,0.28125,0.3333333333333333,mem,0.7303394720299865,0.8303394720299865,0.8603394720299865,0.7736728053633198,0.8603394720299865
3,4,6,cz,random,heavy,0.2222222222222222,0.25,mem,0.7926360450510975,0.8926360450510975,0.9026360450510975,0.8226360450510976,0.9026360450510975
7,10,6,swap,random,light,0.23809523809523808,0.4,mem,0.7932018108206484,0.8932018108206484,0.9032018108206484,0.8232018108206485,0.9032018108206484
2,2,6,cx,random,heavy,0.16666666666666666,0.5,zne,0.9541285546136211,1.0541285546136212,0.95,0.92,1.0541285546136212
4,6,5,cz,random,medium,0.3,0.3333333333333333,zne,0.5632187361556166,0.6632187361556166,0.6632187361556166,0.5932187361556166,0.6632187361556166
2,3,6,swap,random,medium,0.25,0.3333333333333333,mem,0.8145979157205481,0.914597915720548,0.9245979157205481,0.8445979157205481,0.9245979157205481
5,6,5,cx,random,medium,0.24,0.6666666666666666,zne,0.939609445970295,1.0396094459702951,0.95,0.92,1.0396094459702951
6,10,8,swap,random,light,0.20833333333333334,0.5,mem,0.8432776283162348,0.9432776283162347,0.95,0.8852776283162348,0.95
2,2,5,cz,random,light,0.2,0.0,zne,1.0000000000288538,1.100000000028854,0.95,0.92,1.100000000028854
3,6,6,cz,random,light,0.3333333333333333,0.3333333333333333,zne,0.9728497200229953,1.0728497200229954,0.95,0.92,1.0728497200229954
6,10,6,swap,random,light,0.2777777777777778,0.5,mem,0.8397879545666427,0.9397879545666427,0.9497879545666427,0.8817879545666427,0.9497879545666427
4,4,2,cx,random,light,0.5,0.75,none,0.974025471261666,1.0740254712616661,0.95,0.92,0.974025471261666
4,6,5,cz,random,light,0.3,0.6666666666666666,zne,0.9545445760638748,1.0545445760638748,0.95,0.92,1.0545445760638748
3,4,5,swap,random,light,0.26666666666666666,0.25,zne,0.9863155726238292,1.0863155726238292,0.95,0.92,1.0863155726238292
2,4,8,cz,random,medium,0.25,0.25,mem,0.85031855623759,0.95031855623759,0.95,0.91031855623759,0.95
5,9,5,swap,random,medium,0.36,0.2222222222222222,zne,0.5521364962046856,0.6521364962046856,0.6521364962046856,0.5821364962046857,0.6521364962046856
7,8,3,swap,random,heavy,0.38095238095238093,0.375,zne,0.6809896954306831,0.7809896954306831,0.7609896954306831,0.7109896954306831,0.7809896954306831
4,4,5,swap,random,medium,0.2,0.75,zne,0.942094912023821,1.042094912023821,0.95,0.92,1.042094912023821
7,10,5,swap,random,heavy,0.2857142857142857,0.7,zne,0.5313660403377901,0.6313660403377901,0.6313660403377901,0.5973660403377901,0.6313660403377901
2,2,2,cz,random,light,0.5,0.0,none,1.0000000000721347,1.1000000000721348,0.95,0.92,1.0000000000721347
5,13,6,cx,random,light,0.43333333333333335,0.5384615384615384,mem,0.7573404931755119,0.8573404931755119,0.8673404931755119,0.8058020316370503,0.8673404931755119
4,6,4,cz,random,heavy,0.375,0.3333333333333333,zne,0.7966326345015282,0.8966326345015282,0.8866326345015282,0.8266326345015282,0.8966326345015282
4,8,6,cz,random,heavy,0.3333333333333333,0.5,mem,0.7901124715624466,0.8901124715624465,0.9001124715624466,0.8201124715624466,0.9001124715624466
5,5,2,swap,random,heavy,0.5,0.6,zne,0.3792232590025453,0.47922325900254525,0.4492232590025453,0.4092232590025453,0.47922325900254525
7,9,4,cx,random,medium,0.32142857142857145,0.7777777777777778,zne,0.8088057511559367,0.9088057511559366,0.8988057511559366,0.8788057511559366,0.9088057511559366
3,4,7,swap,random,medium,0.19047619047619047,0.25,zne,0.9574123541892061,1.0574123541892062,0.95,0.92,1.0574123541892062
5,6,6,swap,random,light,0.2,0.6666666666666666,zne,0.9545529139918829,1.054552913991883,0.95,0.92,1.054552913991883
8,8,4,swap,random,heavy,0.25,0.375,zne,0.7927947149920719,0.8927947149920719,0.8827947149920718,0.8527947149920718,0.8927947149920719
2,3,6,cx,random,heavy,0.25,0.3333333333333333,zne,0.9468771680632793,1.0468771680632794,0.95,0.92,1.0468771680632794
5,7,3,swap,random,light,0.4666666666666667,0.2857142857142857,zne,0.31440262202654135,0.4144026220265413,0.39440262202654136,0.34440262202654137,0.4144026220265413
3,8,8,cz,random,heavy,0.3333333333333333,0.375,mem,0.7736125894349277,0.8736125894349277,0.9036125894349277,0.8036125894349277,0.9036125894349277
3,4,4,swap,random,heavy,0.3333333333333333,0.5,zne,0.8321147840016545,0.9321147840016545,0.9221147840016545,0.8921147840016546,0.9321147840016545
4,5,4,swap,random,light,0.3125,0.6,zne,0.7232345046906279,0.8232345046906279,0.8132345046906279,0.7532345046906279,0.8232345046906279
3,5,7,cz,random,medium,0.23809523809523808,0.6,zne,0.9475871431220203,1.0475871431220203,0.95,0.92,1.0475871431220203
8,10,4,cz,random,heavy,0.3125,0.6,zne,0.3,0.4,0.39,0.34199999999999997,0.4
6,7,6,swap,random,heavy,0.19444444444444445,0.42857142857142855,mem,0.8357680436568706,0.9357680436568706,0.9457680436568706,0.8657680436568707,0.9457680436568706
4,9,8,swap,random,heavy,0.28125,0.4444444444444444,mem,0.7422500347316999,0.8422500347316999,0.8722500347316999,0.7855833680650333,0.8722500347316999
5,5,2,cz,random,light,0.5,0.4,none,0.701048996248828,0.801048996248828,0.7710489962488281,0.779048996248828,0.701048996248828
2,3,4,cx,random,heavy,0.375,0.0,zne,0.7355394808071282,0.8355394808071281,0.8255394808071281,0.7655394808071282,0.8355394808071281
4,4,8,cx,random,heavy,0.125,0.75,zne,0.9088257865622014,1.0088257865622015,0.95,0.92,1.0088257865622015
8,8,2,swap,random,light,0.5,0.625,zne,0.878735812128083,0.978735812128083,0.9487358121280831,0.9087358121280831,0.978735812128083
3,5,3,cx,random,heavy,0.5555555555555556,0.2,zne,0.5859648739989547,0.6859648739989547,0.6659648739989547,0.6159648739989547,0.6859648739989547
4,4,3,cx,random,medium,0.3333333333333333,0.75,none,0.8761430733393955,0.9761430733393954,0.95,0.92,0.8761430733393955
3,3,2,cx,random,medium,0.5,0.0,none,0.6701220488977789,0.7701220488977789,0.7401220488977789,0.700122048897779,0.6701220488977789
6,7,2,swap,random,medium,0.5833333333333334,0.42857142857142855,zne,0.3,0.4,0.37,0.34714285714285714,0.4
4,8,8,swap,random,light,0.25,0.375,mem,0.8552219379268913,0.9552219379268913,0.95,0.9002219379268913,0.95
4,7,6,cz,random,heavy,0.2916666666666667,0.5714285714285714,mem,0.7197596300956615,0.8197596300956614,0.8297596300956614,0.7669024872385186,0.8297596300956614
5,12,7,cz,random,heavy,0.34285714285714286,0.25,mem,0.8263527980125595,0.9263527980125594,0.9463527980125594,0.8663527980125595,0.9463527980125594
10,12,3,swap,random,heavy,0.4,0.5833333333333334,zne,0.6081340069375223,0.7081340069375223,0.6881340069375222,0.6381340069375223,0.7081340069375223
10,10,2,cz,random,heavy,0.5,0.7,zne,0.3,0.4,0.37,0.34199999999999997,0.4
1,1,4,swap,random,light,0.25,0.0,zne,1.0000000000360674,1.1000000000360675,0.95,0.92,1.1000000000360675
6,6,2,swap,random,light,0.5,0.3333333333333333,zne,0.4642957048929339,0.5642957048929339,0.534295704892934,0.49429570489293395,0.5642957048929339
2,3,7,cz,random,light,0.21428571428571427,0.0,zne,1.00000000002061,1.10000000002061,0.95,0.92,1.10000000002061
4,6,3,cz,random,medium,0.5,0.16666666666666666,zne,0.33042011029991347,0.43042011029991345,0.4104201102999135,0.3604201102999135,0.43042011029991345
8,12,7,swap,random,medium,0.21428571428571427,0.3333333333333333,mem,0.7922033352174229,0.8922033352174229,0.9122033352174229,0.832203335217423,0.9122033352174229
3,3,2,swap,random,light,0.5,0.6666666666666666,none,0.9296031344883029,1.029603134488303,0.95,0.92,0.9296031344883029
4,8,7,cz,random,light,0.2857142857142857,0.25,zne,0.9831953663475442,1.0831953663475442,0.95,0.92,1.0831953663475442
4,5,7,cx,random,heavy,0.17857142857142858,0.2,mem,0.7001158534835134,0.8001158534835133,0.8201158534835133,0.7301158534835134,0.8201158534835133
2,4,5,cz,random,heavy,0.4,0.5,zne,0.8590449041572642,0.9590449041572642,0.95,0.9190449041572641,0.9590449041572642
7,12,7,cz,random,heavy,0.24489795918367346,0.5,mem,0.6715582214222582,0.7715582214222582,0.7915582214222582,0.7015582214222582,0.7915582214222582
5,10,6,swap,random,light,0.3333333333333333,0.4,mem,0.7603784863128318,0.8603784863128318,0.8703784863128318,0.8143784863128318,0.8703784863128318
6,6,3,swap,random,light,0.3333333333333333,0.8333333333333334,zne,0.9055974929750144,1.0055974929750144,0.95,0.92,1.0055974929750144
3,7,7,swap,random,light,0.3333333333333333,0.2857142857142857,mem,0.7915990382701121,0.8915990382701121,0.9115990382701121,0.8215990382701122,0.9115990382701121
3,6,6,swap,random,light,0.3333333333333333,0.16666666666666666,mem,0.823979868976581,0.923979868976581,0.933979868976581,0.8539798689765811,0.933979868976581
2,2,6,swap,random,light,0.16666666666666666,0.0,zne,0.9981376969278866,1.0981376969278867,0.95,0.92,1.0981376969278867
8,8,2,cx,random,heavy,0.5,0.375,zne,0.3379871144840232,0.43798711448402317,0.4079871144840232,0.3829871144840232,0.43798711448402317
4,7,6,cz,random,light,0.2916666666666667,0.5714285714285714,mem,0.8277148732984476,0.9277148732984476,0.9377148732984476,0.8748577304413048,0.9377148732984476
4,7,5,swap,random,light,0.35,0.5714285714285714,zne,0.936386663793416,1.036386663793416,0.95,0.92,1.036386663793416
5,8,4,cx,random,medium,0.4,0.5,zne,0.6268585333140536,0.7268585333140536,0.7168585333140536,0.6568585333140536,0.7268585333140536
3,4,6,swap,random,light,0.2222222222222222,0.5,zne,0.9873231254599423,1.0873231254599423,0.95,0.92,1.0873231254599423
3,4,3,cz,random,medium,0.4444444444444444,0.25,none,0.9263480188796916,1.0263480188796916,0.95,0.92,0.9263480188796916
9,9,2,swap,random,light,0.5,0.4444444444444444,zne,0.4780977756442131,0.578097775644213,0.5480977756442131,0.5347644423108797,0.578097775644213
3,3,2,cx,random,heavy,0.5,0.6666666666666666,none,0.7507280636776348,0.8507280636776348,0.8207280636776348,0.7807280636776348,0.7507280636776348
6,10,5,cz,random,heavy,0.3333333333333333,0.3,zne,0.6150379855747519,0.7150379855747518,0.7150379855747518,0.6450379855747519,0.7150379855747518
6,11,4,cx,random,medium,0.4583333333333333,0.36363636363636365,zne,0.6827169782888787,0.7827169782888787,0.7727169782888786,0.7345351601070604,0.7827169782888787
3,3,2,cx,random,light,0.5,0.6666666666666666,none,0.9296031344883029,1.029603134488303,0.95,0.92,0.9296031344883029
9,10,3,cx,random,light,0.37037037037037035,0.7,zne,0.5504717415241949,0.6504717415241948,0.6304717415241948,0.6164717415241949,0.6504717415241948
5,7,5,cz,random,medium,0.28,0.42857142857142855,zne,0.7299632098019451,0.829963209801945,0.829963209801945,0.8113917812305165,0.829963209801945
4,5,4,cx,random,medium,0.3125,0.4,zne,0.847635444444387,0.947635444444387,0.937635444444387,0.877635444444387,0.947635444444387
5,9,8,cx,random,heavy,0.225,0.6666666666666666,mem,0.8020421343804378,0.9020421343804378,0.9320421343804378,0.8320421343804378,0.9320421343804378
3,6,7,cx,random,heavy,0.2857142857142857,0.3333333333333333,mem,0.819907277718692,0.919907277718692,0.939907277718692,0.869907277718692,0.939907277718692
6,8,4,swap,random,medium,0.3333333333333333,0.625,zne,0.6177448743541892,0.7177448743541892,0.7077448743541892,0.6627448743541893,0.7177448743541892
4,7,4,cx,random,light,0.4375,0.42857142857142855,zne,0.9338744825284642,1.0338744825284643,0.95,0.92,1.0338744825284643
5,5,2,cz,random,light,0.5,0.4,none,0.9231774657675073,1.0231774657675072,0.95,0.92,0.9231774657675073
2,3,7,cz,random,light,0.21428571428571427,0.3333333333333333,mem,0.8506454237975085,0.9506454237975085,0.95,0.92,0.95
7,7,2,cx,random,heavy,0.5,0.42857142857142855,zne,0.3,0.4,0.37,0.32999999999999996,0.4
7,8,7,swap,random,heavy,0.16326530612244897,0.75,mem,0.7711244494954759,0.8711244494954758,0.8911244494954759,0.8311244494954759,0.8911244494954759
4,4,2,cx,random,light,0.5,0.25,none,0.924043890333336,1.024043890333336,0.95,0.92,0.924043890333336
4,5,6,cx,random,medium,0.20833333333333334,0.4,mem,0.8018063488718239,0.9018063488718239,0.9118063488718239,0.8558063488718239,0.9118063488718239
3,6,8,swap,random,light,0.25,0.3333333333333333,mem,0.7083793538545808,0.8083793538545808,0.8383793538545808,0.7783793538545808,0.8383793538545808
4,10,7,swap,random,light,0.35714285714285715,0.4,mem,0.7773753192016772,0.8773753192016772,0.8973753192016772,0.8073753192016773,0.8973753192016772
2,2,6,cx,random,light,0.16666666666666666,0.0,zne,1.000000000024045,1.100000000024045,0.95,0.92,1.100000000024045
3,4,5,swap,random,light,0.26666666666666666,0.5,zne,0.8025180101873619,0.9025180101873619,0.9025180101873619,0.8325180101873619,0.9025180101873619
6,11,5,swap,random,light,0.36666666666666664,0.45454545454545453,zne,0.7703688326693416,0.8703688326693416,0.8703688326693416,0.8112779235784325,0.8703688326693416
2,4,8,cx,random,medium,0.25,0.5,zne,0.9563561812772287,1.0563561812772286,0.95,0.92,1.0563561812772286
3,5,8,cz,random,light,0.20833333333333334,0.4,mem,0.8495886951348611,0.9495886951348611,0.95,0.92,0.95
3,7,8,swap,random,heavy,0.2916666666666667,0.2857142857142857,zne,0.9158881713051311,1.015888171305131,0.95,0.92,1.015888171305131
4,6,6,swap,random,light,0.25,0.6666666666666666,mem,0.7924323543588949,0.8924323543588949,0.9024323543588949,0.822432354358895,0.9024323543588949
2,5,6,swap,random,medium,0.4166666666666667,0.2,mem,0.6406131814475031,0.7406131814475031,0.7506131814475031,0.6946131814475032,0.7506131814475031
2,3,3,cx,random,heavy,0.5,0.3333333333333333,zne,0.5686443754641746,0.6686443754641745,0.6486443754641745,0.6386443754641745,0.6686443754641745
5,11,6,cz,random,medium,0.36666666666666664,0.36363636363636365,mem,0.465673143044827,0.565673143044827,0.575673143044827,0.495673143044827,0.575673143044827
5,9,6,cx,random,heavy,0.3,0.4444444444444444,mem,0.4456162498157007,0.5456162498157007,0.5556162498157007,0.5022829164823673,0.5556162498157007
6,10,8,swap,random,medium,0.20833333333333334,0.4,zne,0.9315840314984485,1.0315840314984486,0.95,0.92,1.0315840314984486
3,7,8,cz,random,light,0.2916666666666667,0.5714285714285714,mem,0.8436215776521236,0.9436215776521236,0.95,0.8907644347949808,0.95
4,4,7,cz,random,light,0.14285714285714285,0.5,zne,0.9466480670424144,1.0466480670424145,0.95,0.92,1.0466480670424145
4,8,6,cz,random,heavy,0.3333333333333333,0.375,mem,0.7070995191306004,0.8070995191306004,0.8170995191306004,0.7520995191306005,0.8170995191306004
4,7,8,cz,random,light,0.21875,0.5714285714285714,mem,0.8748130525524058,0.9748130525524058,0.95,0.92,0.95
11,11,2,cz,random,light,0.5,0.7272727272727273,zne,0.42294391847791746,0.5229439184779174,0.49294391847791746,0.4747621002960993,0.5229439184779174
7,10,3,cz,random,heavy,0.47619047619047616,0.4,zne,0.3550488869827796,0.45504888698277957,0.4350488869827796,0.4090488869827796,0.45504888698277957
4,5,3,cz,random,medium,0.4166666666666667,0.4,zne,0.6098118026305508,0.7098118026305508,0.6898118026305508,0.6638118026305508,0.7098118026305508
4,4,2,swap,random,medium,0.5,0.5,none,0.8912665780604412,0.9912665780604412,0.95,0.92,0.8912665780604412
4,5,5,swap,random,heavy,0.25,0.2,zne,0.7899089890442594,0.8899089890442594,0.8899089890442594,0.8199089890442595,0.8899089890442594
3,7,6,cx,random,medium,0.3888888888888889,0.14285714285714285,mem,0.6527006577144718,0.7527006577144718,0.7627006577144718,0.6827006577144719,0.7627006577144718
3,6,7,swap,random,medium,0.2857142857142857,0.5,zne,0.9374745338779916,1.0374745338779916,0.95,0.92,1.0374745338779916
4,5,8,cx,random,heavy,0.15625,0.6,zne,0.901427272301039,1.0014272723010391,0.95,0.92,1.0014272723010391
5,9,4,swap,random,medium,0.45,0.4444444444444444,zne,0.6631496140017641,0.7631496140017641,0.7531496140017641,0.7198162806684307,0.7631496140017641
5,8,3,cx,random,heavy,0.5333333333333333,0.375,zne,0.48737764483720813,0.5873776448372081,0.5673776448372081,0.5323776448372082,0.5873776448372081
7,12,6,swap,random,heavy,0.2857142857142857,0.4166666666666667,mem,0.6193818561073869,0.7193818561073869,0.7293818561073869,0.659381856107387,0.7293818561073869
5,8,8,cz,random,light,0.2,0.5,zne,0.9577680431652221,1.057768043165222,0.95,0.92,1.057768043165222
5,7,4,swap,random,medium,0.35,0.42857142857142855,zne,0.8963192059051922,0.9963192059051922,0.95,0.92,0.9963192059051922
5,9,6,cx,random,heavy,0.3,0.5555555555555556,mem,0.4874045680638054,0.5874045680638054,0.5974045680638054,0.5307379013971387,0.5974045680638054
6,11,6,swap,random,light,0.3055555555555556,0.2727272727272727,mem,0.526170955170999,0.626170955170999,0.636170955170999,0.556170955170999,0.636170955170999
2,3,8,cz,random,heavy,0.1875,0.6666666666666666,zne,0.9226621014051016,1.0226621014051016,0.95,0.92,1.0226621014051016
6,10,7,cx,random,heavy,0.23809523809523808,0.6,mem,0.6688845344419465,0.7688845344419465,0.7888845344419465,0.7108845344419465,0.7888845344419465
4,6,4,cz,random,medium,0.375,0.3333333333333333,zne,0.9160294722154294,1.0160294722154295,0.95,0.92,1.0160294722154295
2,3,7,swap,random,light,0.21428571428571427,0.0,mem,0.8559034862811435,0.9559034862811435,0.95,0.8859034862811436,0.95
6,9,7,cz,random,light,0.21428571428571427,0.3333333333333333,mem,0.8222632137161623,0.9222632137161623,0.9422632137161623,0.8789298803828289,0.9422632137161623
7,10,5,cz,random,heavy,0.2857142857142857,0.4,zne,0.6990425732848701,0.79904257328487,0.79904257328487,0.7410425732848701,0.79904257328487
5,5,3,swap,random,heavy,0.3333333333333333,0.8,none,0.7310428867050665,0.8310428867050664,0.8110428867050664,0.8090428867050664,0.7310428867050665
2,2,7,swap,random,light,0.14285714285714285,0.5,zne,0.9913677633088935,1.0913677633088936,0.95,0.92,1.0913677633088936
4,8,8,swap,random,light,0.25,0.375,mem,0.6700338940843195,0.7700338940843194,0.8000338940843195,0.7300338940843194,0.8000338940843195
2,4,8,swap,random,light,0.25,0.25,zne,0.9925987841669904,1.0925987841669904,0.95,0.92,1.0925987841669904
2,3,8,swap,random,medium,0.1875,0.3333333333333333,zne,0.9835539235023689,1.083553923502369,0.95,0.92,1.083553923502369
3,5,3,cz,random,heavy,0.5555555555555556,0.4,none,0.8246087462797733,0.9246087462797733,0.9046087462797733,0.8786087462797734,0.8246087462797733
6,9,4,cz,random,light,0.375,0.5555555555555556,zne,0.9163404396272761,1.0163404396272762,0.95,0.92,1.0163404396272762
8,8,3,cx,random,heavy,0.3333333333333333,0.875,zne,0.5294731733607347,0.6294731733607347,0.6094731733607347,0.6194731733607347,0.6294731733607347
3,7,8,swap,random,heavy,0.2916666666666667,0.2857142857142857,mem,0.6751326300965753,0.7751326300965753,0.8051326300965753,0.7051326300965753,0.8051326300965753
8,10,3,cx,random,heavy,0.4166666666666667,0.4,zne,0.4200610623526636,0.5200610623526636,0.5000610623526636,0.4620610623526636,0.5200610623526636
3,7,8,swap,random,heavy,0.2916666666666667,0.5714285714285714,mem,0.8322631296290126,0.9322631296290126,0.95,0.8622631296290126,0.95
4,8,7,cz,random,medium,0.2857142857142857,0.375,mem,0.7939130860159468,0.8939130860159468,0.9139130860159468,0.8239130860159468,0.9139130860159468
6,13,5,cz,random,light,0.43333333333333335,0.46153846153846156,zne,0.8421645065553403,0.9421645065553402,0.9421645065553402,0.8721645065553403,0.9421645065553402
4,8,8,cx,random,light,0.25,0.375,mem,0.6508567966852262,0.7508567966852262,0.7808567966852262,0.6958567966852263,0.7808567966852262
3,4,5,cz,random,light,0.26666666666666666,0.5,zne,0.9632594414131647,1.0632594414131646,0.95,0.92,1.0632594414131646
2,4,6,cz,random,light,0.3333333333333333,0.25,mem,0.6579647138748266,0.7579647138748266,0.7679647138748266,0.6879647138748266,0.7679647138748266
3,6,8,cx,random,heavy,0.25,0.5,mem,0.8831530873185158,0.9831530873185158,0.95,0.92,0.95
3,6,8,swap,random,light,0.25,0.5,mem,0.832018146796619,0.932018146796619,0.95,0.862018146796619,0.95
3,3,5,swap,random,medium,0.2,0.3333333333333333,zne,0.9649130674419106,1.0649130674419107,0.95,0.92,1.0649130674419107
8,9,3,cz,random,light,0.375,0.5555555555555556,zne,0.5148748450589624,0.6148748450589624,0.5948748450589624,0.5715415117256291,0.6148748450589624
5,7,4,cx,random,light,0.35,0.2857142857142857,zne,0.7333729526416386,0.8333729526416386,0.8233729526416386,0.7805158097844958,0.8333729526416386
6,8,3,cx,random,medium,0.4444444444444444,0.375,zne,0.5698169254348708,0.6698169254348708,0.6498169254348708,0.6148169254348709,0.6698169254348708
6,11,5,cz,random,medium,0.36666666666666664,0.36363636363636365,zne,0.7435157951606786,0.8435157951606785,0.8435157951606785,0.7844248860697695,0.8435157951606785
4,6,6,cz,random,medium,0.25,0.6666666666666666,zne,0.9039761428477702,1.0039761428477703,0.95,0.92,1.0039761428477703
8,11,6,cx,random,light,0.22916666666666666,0.5454545454545454,mem,0.6782669258833226,0.7782669258833226,0.7882669258833226,0.7300851077015045,0.7882669258833226
4,7,8,cz,random,light,0.21875,0.5714285714285714,zne,0.9531751119553644,1.0531751119553645,0.95,0.92,1.0531751119553645
4,5,8,swap,random,heavy,0.15625,0.4,zne,0.9186964633774931,1.018696463377493,0.95,0.92,1.018696463377493
5,9,8,cz,random,heavy,0.225,0.6666666666666666,mem,0.6887178531127336,0.7887178531127336,0.8187178531127336,0.7453845197794002,0.8187178531127336
4,7,3,cx,random,heavy,0.5833333333333334,0.2857142857142857,zne,0.4920011329486388,0.5920011329486388,0.5720011329486387,0.5220011329486388,0.5920011329486388
4,5,4,cx,random,medium,0.3125,0.6,zne,0.9062894949588838,1.0062894949588839,0.95,0.92,1.0062894949588839
7,10,3,cz,random,light,0.47619047619047616,0.4,zne,0.31724967523972947,0.41724967523972945,0.3972496752397295,0.38324967523972947,0.41724967523972945
3,4,4,cx,random,heavy,0.3333333333333333,0.0,zne,0.7286602525694694,0.8286602525694694,0.8186602525694694,0.7586602525694695,0.8286602525694694
4,8,7,cx,random,light,0.2857142857142857,0.25,mem,0.8353063289122307,0.9353063289122306,0.95,0.8653063289122307,0.95
5,5,3,cz,random,heavy,0.3333333333333333,0.4,none,0.816292256331192,0.9162922563311919,0.8962922563311919,0.846292256331192,0.816292256331192
3,6,6,cz,random,medium,0.3333333333333333,0.5,mem,0.6150456103465014,0.7150456103465014,0.7250456103465014,0.6650456103465014,0.7250456103465014
5,8,5,swap,random,heavy,0.32,0.625,zne,0.7333316791567305,0.8333316791567305,0.8333316791567305,0.7783316791567305,0.8333316791567305
5,5,2,cz,random,heavy,0.5,0.4,zne,0.365804963643398,0.46580496364339796,0.435804963643398,0.419804963643398,0.46580496364339796
4,6,7,swap,random,medium,0.21428571428571427,0.3333333333333333,mem,0.8368051120713684,0.9368051120713684,0.95,0.9068051120713684,0.95
2,2,6,swap,random,medium,0.16666666666666666,0.0,mem,0.8957895991775193,0.9957895991775193,0.95,0.92,0.95
5,6,3,swap,random,light,0.4,0.5,none,0.9198738638339555,1.0198738638339555,0.95,0.92,0.9198738638339555
2,3,4,swap,random,medium,0.375,0.3333333333333333,zne,0.9633100597018553,1.0633100597018554,0.95,0.92,1.0633100597018554
5,9,7,cz,random,medium,0.2571428571428571,0.5555555555555556,zne,0.9007374386035488,1.0007374386035488,0.95,0.92,1.0007374386035488
4,6,5,cz,random,light,0.3,0.16666666666666666,zne,0.9840827426756211,1.0840827426756212,0.95,0.92,1.0840827426756212
5,6,4,swap,random,heavy,0.3,0.3333333333333333,zne,0.42160535605702554,0.5216053560570255,0.5116053560570255,0.45160535605702556,0.5216053560570255
5,5,3,cz,random,light,0.3333333333333333,0.6,zne,0.6479982099866926,0.7479982099866925,0.7279982099866925,0.7019982099866926,0.7479982099866925
3,3,8,swap,random,light,0.125,0.6666666666666666,zne,0.983435730258611,1.083435730258611,0.95,0.92,1.083435730258611
3,3,3,swap,random,medium,0.3333333333333333,0.6666666666666666,none,0.9052705565275285,1.0052705565275286,0.95,0.92,0.9052705565275285
3,5,5,cz,random,heavy,0.3333333333333333,0.2,zne,0.8996276932293199,0.9996276932293199,0.95,0.92,0.9996276932293199
4,6,2,swap,random,medium,0.75,0.16666666666666666,none,0.8826241568810407,0.9826241568810407,0.95,0.9126241568810407,0.8826241568810407
5,7,3,cx,random,light,0.4666666666666667,0.2857142857142857,zne,0.5945931369844901,0.6945931369844901,0.6745931369844901,0.6588788512702044,0.6945931369844901
5,7,6,cx,random,medium,0.23333333333333334,0.7142857142857143,zne,0.9010895794293681,1.0010895794293682,0.95,0.92,1.0010895794293682
3,3,2,swap,random,medium,0.5,0.0,zne,0.5235085660828314,0.6235085660828313,0.5935085660828314,0.5535085660828314,0.6235085660828313
3,3,3,swap,random,heavy,0.3333333333333333,0.3333333333333333,none,0.8638089417861086,0.9638089417861085,0.9438089417861085,0.8938089417861086,0.8638089417861086
7,10,4,cz,random,heavy,0.35714285714285715,0.5,zne,0.6543571420327514,0.7543571420327514,0.7443571420327514,0.6963571420327515,0.7543571420327514
4,5,4,cz,random,medium,0.3125,0.8,zne,0.8803628152638873,0.9803628152638872,0.95,0.92,0.9803628152638872
2,2,2,swap,random,medium,0.5,0.0,none,0.9944130907836597,1.0944130907836598,0.95,0.92,0.9944130907836597
6,6,3,swap,random,medium,0.3333333333333333,0.6666666666666666,zne,0.8223395744261314,0.9223395744261313,0.9023395744261313,0.8723395744261314,0.9223395744261313
4,5,4,swap,random,medium,0.3125,0.6,zne,0.9001928507934476,1.0001928507934477,0.95,0.92,1.0001928507934477
5,5,2,cx,random,light,0.5,0.6,none,0.8980699672455228,0.9980699672455228,0.95,0.92,0.8980699672455228
3,3,3,cz,random,light,0.3333333333333333,0.3333333333333333,none,0.974368011020056,1.074368011020056,0.95,0.92,0.974368011020056
6,11,6,cz,random,medium,0.3055555555555556,0.7272727272727273,mem,0.8429901600030257,0.9429901600030257,0.95,0.9057174327302985,0.95
5,10,7,cx,random,light,0.2857142857142857,0.5,mem,0.6545554825185286,0.7545554825185286,0.7745554825185286,0.6965554825185286,0.7745554825185286
4,8,6,cx,random,heavy,0.3333333333333333,0.625,mem,0.6645252100780019,0.7645252100780019,0.7745252100780019,0.724525210078002,0.7745252100780019
6,9,6,swap,random,heavy,0.25,0.4444444444444444,mem,0.7903841098748613,0.8903841098748613,0.9003841098748613,0.8603841098748612,0.9003841098748613
4,6,4,cz,random,heavy,0.375,0.16666666666666666,zne,0.688903404780725,0.788903404780725,0.778903404780725,0.738903404780725,0.788903404780725
5,8,3,swap,random,light,0.5333333333333333,0.25,zne,0.3373252211399176,0.43732522113991756,0.4173252211399176,0.3673252211399176,0.43732522113991756
8,11,3,cz,random,medium,0.4583333333333333,0.36363636363636365,zne,0.6019839743522548,0.7019839743522548,0.6819839743522548,0.6319839743522548,0.7019839743522548
3,4,7,cx,random,heavy,0.19047619047619047,0.25,mem,0.8320590911168014,0.9320590911168014,0.95,0.8920590911168014,0.95
5,6,4,swap,random,medium,0.3,0.5,zne,0.9122787928699467,1.0122787928699468,0.95,0.92,1.0122787928699468
3,6,8,cx,random,light,0.25,0.5,zne,0.9736912147509578,1.0736912147509579,0.95,0.92,1.0736912147509579
5,12,8,cz,random,light,0.3,0.5,mem,0.7150843456367821,0.8150843456367821,0.8450843456367821,0.7550843456367822,0.8450843456367821
6,11,5,cz,random,heavy,0.36666666666666664,0.5454545454545454,zne,0.5635902026160897,0.6635902026160897,0.6635902026160897,0.6154083844342715,0.6635902026160897
2,2,3,cx,random,heavy,0.3333333333333333,0.5,none,0.9191572080853887,1.0191572080853888,0.95,0.92,0.9191572080853887
3,5,5,cz,random,light,0.3333333333333333,0.6,zne,0.9552228624873731,1.0552228624873732,0.95,0.92,1.0552228624873732
5,5,3,cx,random,medium,0.3333333333333333,0.4,none,0.9073387507659267,1.0073387507659268,0.95,0.92,0.9073387507659267
3,6,4,cx,random,heavy,0.5,0.3333333333333333,zne,0.76082222061433,0.86082222061433,0.85082222061433,0.8108222206143301,0.86082222061433
2,3,3,swap,random,medium,0.5,0.0,none,0.9894786007452576,1.0894786007452577,0.95,0.92,0.9894786007452576
3,3,3,cz,random,light,0.3333333333333333,0.6666666666666666,none,0.9599200187978303,1.0599200187978304,0.95,0.92,0.9599200187978303
3,4,6,cx,random,medium,0.2222222222222222,0.5,mem,0.8697215072712324,0.9697215072712324,0.95,0.8997215072712325,0.95
6,11,4,cx,random,heavy,0.4583333333333333,0.36363636363636365,zne,0.45465739103971914,0.5546573910397191,0.5446573910397191,0.5064755728579009,0.5546573910397191
3,3,4,cx,random,medium,0.25,0.3333333333333333,zne,0.9668384614950306,1.0668384614950306,0.95,0.92,1.0668384614950306
5,7,7,cz,random,light,0.2,0.2857142857142857,zne,0.9783538175195623,1.0783538175195624,0.95,0.92,1.0783538175195624
7,8,4,cz,random,medium,0.2857142857142857,0.25,zne,0.6989631391931714,0.7989631391931714,0.7889631391931714,0.7289631391931715,0.7989631391931714
7,10,6,swap,random,heavy,0.23809523809523808,0.4,mem,0.7973823578426071,0.8973823578426071,0.9073823578426071,0.8513823578426072,0.9073823578426071
2,2,8,cx,random,heavy,0.125,0.5,zne,0.9604481688064124,1.0604481688064125,0.95,0.92,1.0604481688064125
4,5,4,cx,random,heavy,0.3125,0.6,zne,0.7883149200661227,0.8883149200661227,0.8783149200661227,0.8423149200661227,0.8883149200661227
2,4,7,cz,random,light,0.2857142857142857,0.25,zne,0.9838726477125751,1.083872647712575,0.95,0.92,1.083872647712575
4,6,4,swap,random,medium,0.375,0.6666666666666666,zne,0.8817935670861394,0.9817935670861394,0.95,0.92,0.9817935670861394
3,5,4,swap,random,light,0.4166666666666667,0.0,zne,0.9519936255162756,1.0519936255162756,0.95,0.92,1.0519936255162756
5,9,4,cx,random,medium,0.45,0.5555555555555556,zne,0.6252481956666693,0.7252481956666693,0.7152481956666693,0.6952481956666693,0.7252481956666693
8,8,3,cx,random,medium,0.3333333333333333,0.75,cdr,0.754782670043794,0.8547826700437939,0.8347826700437939,0.8597826700437939,0.8597826700437939
7,12,3,cz,random,heavy,0.5714285714285714,0.25,zne,0.37020782965498433,0.4702078296549843,0.45020782965498435,0.4102078296549843,0.4702078296549843
3,3,2,cx,random,heavy,0.5,0.6666666666666666,none,0.7597383061581713,0.8597383061581713,0.8297383061581713,0.8297383061581712,0.7597383061581713
3,5,5,swap,random,light,0.3333333333333333,0.4,zne,0.612908427130461,0.712908427130461,0.712908427130461,0.642908427130461,0.712908427130461
6,7,6,swap,random,light,0.19444444444444445,0.2857142857142857,mem,0.8123459366458622,0.9123459366458622,0.9223459366458622,0.8594887937887193,0.9223459366458622
5,8,6,cz,random,medium,0.26666666666666666,0.25,mem,0.8627774796712063,0.9627774796712063,0.95,0.8927774796712064,0.95
5,8,3,cx,random,light,0.5333333333333333,0.25,none,0.9894786007452576,1.0894786007452577,0.95,0.92,0.9894786007452576
6,11,6,swap,random,medium,0.3055555555555556,0.45454545454545453,mem,0.7356987878888623,0.8356987878888623,0.8456987878888623,0.7766078787979532,0.8456987878888623
5,7,7,cz,random,medium,0.2,0.42857142857142855,zne,0.9308561832337906,1.0308561832337906,0.95,0.92,1.0308561832337906
3,6,7,swap,random,heavy,0.2857142857142857,0.5,mem,0.7514002485320653,0.8514002485320653,0.8714002485320653,0.7814002485320654,0.8714002485320653
6,9,4,cx,random,medium,0.375,0.3333333333333333,zne,0.6855540894566671,0.785554089456667,0.775554089456667,0.7288874227900004,0.785554089456667
3,3,6,swap,random,heavy,0.16666666666666666,0.6666666666666666,zne,0.9166249803096554,1.0166249803096554,0.95,0.92,1.0166249803096554
8,12,3,swap,random,heavy,0.5,0.4166666666666667,zne,0.3375107324474861,0.43751073244748606,0.4175107324474861,0.37751073244748606,0.43751073244748606
5,8,8,cz,random,heavy,0.2,0.5,mem,0.7448922290427938,0.8448922290427938,0.8748922290427938,0.7898922290427939,0.8748922290427938
4,8,6,cz,random,medium,0.3333333333333333,0.625,mem,0.89153389287776,0.99153389287776,0.95,0.92,0.95
7,7,3,swap,random,heavy,0.3333333333333333,0.5714285714285714,zne,0.6987697625506407,0.7987697625506407,0.7787697625506407,0.7459126196934979,0.7987697625506407
4,7,7,swap,random,heavy,0.25,0.42857142857142855,mem,0.5125459506300403,0.6125459506300402,0.6325459506300403,0.5596888077728974,0.6325459506300403
4,4,2,cx,random,light,0.5,0.5,none,0.9424411182114449,1.042441118211445,0.95,0.92,0.9424411182114449
2,3,5,cz,random,light,0.3,0.3333333333333333,zne,0.9860723865890955,1.0860723865890956,0.95,0.92,1.0860723865890956
6,9,2,cx,random,medium,0.75,0.2222222222222222,zne,0.3,0.4,0.37,0.3433333333333333,0.4
5,6,6,cx,random,medium,0.2,0.6666666666666666,zne,0.9042585380368364,1.0042585380368365,0.95,0.92,1.0042585380368365
5,7,3,cx,random,light,0.4666666666666667,0.2857142857142857,zne,0.330275119833899,0.430275119833899,0.410275119833899,0.37741797697675616,0.430275119833899
2,2,2,cx,random,heavy,0.5,0.0,zne,0.5003522779631921,0.6003522779631921,0.5703522779631922,0.5303522779631922,0.6003522779631921
2,2,7,cx,random,medium,0.14285714285714285,0.0,zne,0.9219571821736555,1.0219571821736555,0.95,0.92,1.0219571821736555
3,3,6,cz,random,light,0.16666666666666666,0.6666666666666666,zne,0.9817397539372109,1.081739753937211,0.95,0.92,1.081739753937211
4,8,6,cx,random,medium,0.3333333333333333,0.375,mem,0.7659430144206557,0.8659430144206557,0.8759430144206557,0.7959430144206557,0.8759430144206557
8,10,8,swap,random,light,0.15625,0.6,zne,0.9625434505596207,1.0625434505596207,0.95,0.92,1.0625434505596207
5,6,3,cx,random,heavy,0.4,0.5,zne,0.5305493843444156,0.6305493843444155,0.6105493843444155,0.5605493843444156,0.6305493843444155
11,12,3,cz,random,medium,0.36363636363636365,0.5833333333333334,zne,0.3585107312253534,0.45851073122535335,0.4385107312253534,0.39851073122535335,0.45851073122535335
3,3,2,cz,random,light,0.5,0.3333333333333333,none,0.7322336264238469,0.8322336264238469,0.802233626423847,0.762233626423847,0.7322336264238469
6,9,6,cz,random,medium,0.25,0.3333333333333333,mem,0.7894039262047011,0.8894039262047011,0.8994039262047011,0.8194039262047011,0.8994039262047011
4,6,4,swap,random,heavy,0.375,0.3333333333333333,zne,0.6646219075903482,0.7646219075903482,0.7546219075903482,0.7146219075903483,0.7646219075903482
5,7,7,cx,random,medium,0.2,0.42857142857142855,mem,0.7923588580288701,0.89235885802887,0.9123588580288701,0.8223588580288701,0.9123588580288701
4,8,6,cz,random,medium,0.3333333333333333,0.25,mem,0.8555556019568156,0.9555556019568155,0.95,0.9005556019568156,0.95
7,9,5,cx,random,light,0.2571428571428571,0.4444444444444444,zne,0.9434529078215879,1.043452907821588,0.95,0.92,1.043452907821588
3,4,2,swap,random,heavy,0.6666666666666666,0.25,none,0.8182282164353315,0.9182282164353315,0.8882282164353315,0.8482282164353315,0.8182282164353315
3,6,7,cx,random,medium,0.2857142857142857,0.16666666666666666,zne,0.9498817082036904,1.0498817082036904,0.95,0.92,1.0498817082036904
3,3,7,cz,random,heavy,0.14285714285714285,0.3333333333333333,mem,0.8341474931208857,0.9341474931208856,0.95,0.9041474931208856,0.95
9,11,2,cx,random,medium,0.6111111111111112,0.18181818181818182,zne,0.3,0.4,0.37,0.3409090909090909,0.4
5,7,4,swap,random,medium,0.35,0.42857142857142855,zne,0.515844072349357,0.615844072349357,0.605844072349357,0.5629869294922142,0.615844072349357
6,10,7,cz,random,heavy,0.23809523809523808,0.8,mem,0.7373947532308738,0.8373947532308738,0.8573947532308738,0.7913947532308738,0.8573947532308738
3,7,6,cz,random,medium,0.3888888888888889,0.2857142857142857,zne,0.9148034064142542,1.0148034064142541,0.95,0.92,1.0148034064142541
2,3,5,swap,random,light,0.3,0.3333333333333333,zne,0.9914532238646412,1.0914532238646413,0.95,0.92,1.0914532238646413
6,8,3,cz,random,medium,0.4444444444444444,0.125,zne,0.6348199465118889,0.7348199465118889,0.7148199465118888,0.6648199465118889,0.7348199465118889
4,9,7,cz,random,medium,0.32142857142857145,0.3333333333333333,mem,0.683007922021263,0.783007922021263,0.803007922021263,0.7130079220212631,0.803007922021263
3,3,3,cz,random,light,0.3333333333333333,0.3333333333333333,none,0.9660890429137102,1.0660890429137102,0.95,0.92,0.9660890429137102
2,2,6,cx,random,light,0.16666666666666666,0.0,zne,1.000000000024045,1.100000000024045,0.95,0.92,1.100000000024045
5,9,4,cx,random,light,0.45,0.3333333333333333,zne,0.48237741752415386,0.5823774175241538,0.5723774175241538,0.5257107508574872,0.5823774175241538
3,6,5,cx,random,heavy,0.4,0.16666666666666666,zne,0.9071575914880292,1.0071575914880293,0.95,0.92,1.0071575914880293
2,3,3,cz,random,medium,0.5,0.0,none,0.9903753739726116,1.0903753739726116,0.95,0.92,0.9903753739726116
4,6,6,cz,random,medium,0.25,0.16666666666666666,mem,0.8994258672261065,0.9994258672261065,0.95,0.92,0.95
6,12,7,cx,random,medium,0.2857142857142857,0.25,mem,0.7923968139030508,0.8923968139030508,0.9123968139030508,0.8423968139030509,0.9123968139030508
5,8,5,cx,random,light,0.32,0.75,zne,0.9456492106677931,1.045649210667793,0.95,0.92,1.045649210667793
5,10,5,cx,random,light,0.4,0.4,zne,0.9472531959913433,1.0472531959913434,0.95,0.92,1.0472531959913434
3,4,3,cz,random,light,0.4444444444444444,0.0,none,1.0000000000480898,1.1000000000480898,0.95,0.92,1.0000000000480898
6,7,3,swap,random,medium,0.3888888888888889,0.5714285714285714,zne,0.5505928784052965,0.6505928784052964,0.6305928784052964,0.5805928784052965,0.6505928784052964
4,12,6,cx,random,light,0.5,0.16666666666666666,mem,0.6496309228192503,0.7496309228192503,0.7596309228192503,0.6796309228192503,0.7596309228192503
4,6,8,swap,random,medium,0.1875,0.5,mem,0.8215458532369082,0.9215458532369082,0.95,0.8715458532369083,0.95
6,6,4,cx,random,heavy,0.25,0.5,zne,0.8105869744999188,0.9105869744999188,0.9005869744999188,0.8605869744999188,0.9105869744999188
1,1,7,swap,random,heavy,0.14285714285714285,0.0,zne,1.00000000002061,1.10000000002061,0.95,0.92,1.10000000002061
3,5,7,cx,random,light,0.23809523809523808,0.4,zne,0.9680390208318508,1.0680390208318509,0.95,0.92,1.0680390208318509
3,4,8,cx,random,heavy,0.16666666666666666,0.25,zne,0.9649847862092339,1.0649847862092339,0.95,0.92,1.0649847862092339
7,9,3,swap,random,heavy,0.42857142857142855,0.3333333333333333,zne,0.708158268429044,0.8081582684290439,0.7881582684290439,0.7514916017623773,0.8081582684290439
8,9,3,cx,random,light,0.375,0.6666666666666666,zne,0.3755369594570127,0.4755369594570127,0.4555369594570127,0.43220362612367935,0.4755369594570127
5,7,3,cx,random,heavy,0.4666666666666667,0.5714285714285714,none,0.6613985357394301,0.7613985357394301,0.74139853573943,0.7256842500251444,0.6613985357394301
3,5,3,cx,random,heavy,0.5555555555555556,0.2,zne,0.38572193989034465,0.4857219398903446,0.46572193989034466,0.41572193989034467,0.4857219398903446
7,11,6,cz,random,heavy,0.2619047619047619,0.36363636363636365,mem,0.6855568697456935,0.7855568697456935,0.7955568697456935,0.7155568697456935,0.7955568697456935
3,4,6,swap,random,light,0.2222222222222222,0.25,mem,0.8236430942888309,0.9236430942888308,0.9336430942888309,0.8536430942888309,0.9336430942888309
4,4,2,cx,random,heavy,0.5,0.5,none,0.7356291845331466,0.8356291845331466,0.8056291845331467,0.7956291845331467,0.7356291845331466
3,4,4,swap,random,heavy,0.3333333333333333,0.75,zne,0.7993076896488868,0.8993076896488867,0.8893076896488867,0.8593076896488867,0.8993076896488867
3,3,6,cx,random,light,0.16666666666666666,0.3333333333333333,zne,0.94424682207912,1.0442468220791201,0.95,0.92,1.0442468220791201
4,9,6,swap,random,light,0.375,0.2222222222222222,mem,0.8304972901389496,0.9304972901389496,0.9404972901389496,0.8738306234722829,0.9404972901389496
9,11,6,cx,random,medium,0.2037037037037037,0.6363636363636364,mem,0.7120225288548616,0.8120225288548616,0.8220225288548616,0.7856588924912252,0.8220225288548616
4,8,8,swap,random,medium,0.25,0.375,mem,0.745637593168704,0.845637593168704,0.875637593168704,0.7756375931687041,0.875637593168704
3,5,7,cz,random,medium,0.23809523809523808,0.6,zne,0.9372633813719974,1.0372633813719974,0.95,0.92,1.0372633813719974
5,6,3,swap,random,light,0.4,0.5,zne,0.6288096579593787,0.7288096579593787,0.7088096579593787,0.6988096579593787,0.7288096579593787
4,10,8,cz,random,heavy,0.3125,0.4,mem,0.8559114177723987,0.9559114177723986,0.95,0.9099114177723987,0.95
6,11,5,swap,random,heavy,0.36666666666666664,0.45454545454545453,zne,0.5595087131573555,0.6595087131573555,0.6595087131573555,0.6113268949755373,0.6595087131573555
2,3,8,cx,random,light,0.1875,0.0,mem,0.8751114677620963,0.9751114677620962,0.95,0.9051114677620963,0.95
7,8,3,cx,random,heavy,0.38095238095238093,0.625,zne,0.6218235260990983,0.7218235260990983,0.7018235260990983,0.6818235260990984,0.7218235260990983
8,13,4,swap,random,light,0.40625,0.6153846153846154,zne,0.6876101848775651,0.7876101848775651,0.7776101848775651,0.7268409541083343,0.7876101848775651
6,6,2,cx,random,light,0.5,0.5,zne,0.9491335643705653,1.0491335643705653,0.95,0.92,1.0491335643705653
4,4,2,cz,random,medium,0.5,0.5,zne,0.43184883286372533,0.5318488328637253,0.5018488328637254,0.4918488328637253,0.5318488328637253
6,9,6,cx,random,light,0.25,0.5555555555555556,zne,0.9428182647833661,1.0428182647833661,0.95,0.92,1.0428182647833661
4,6,8,cx,random,light,0.1875,0.3333333333333333,zne,0.9096864340156189,1.0096864340156189,0.95,0.92,1.0096864340156189
3,7,6,cx,random,medium,0.3888888888888889,0.2857142857142857,mem,0.6804247987144758,0.7804247987144758,0.7904247987144758,0.7447105130001901,0.7904247987144758
4,8,5,cx,random,light,0.4,0.375,zne,0.9643321277930554,1.0643321277930555,0.95,0.92,1.0643321277930555
8,11,4,cz,random,medium,0.34375,0.6363636363636364,zne,0.5496466497087066,0.6496466497087066,0.6396466497087065,0.5905557406177975,0.6496466497087066
4,8,6,cx,random,medium,0.3333333333333333,0.125,mem,0.6586288761769361,0.7586288761769361,0.7686288761769361,0.7036288761769361,0.7686288761769361
4,6,3,cz,random,medium,0.5,0.3333333333333333,none,0.7705660643955009,0.8705660643955009,0.8505660643955009,0.8005660643955009,0.7705660643955009
3,4,7,cx,random,medium,0.19047619047619047,0.5,zne,0.9617959567542187,1.0617959567542188,0.95,0.92,1.0617959567542188
3,4,6,swap,random,medium,0.2222222222222222,0.5,mem,0.7954058363040323,0.8954058363040323,0.9054058363040323,0.8554058363040322,0.9054058363040323
8,8,4,cx,random,heavy,0.25,0.75,zne,0.6500796287903259,0.7500796287903259,0.7400796287903258,0.7100796287903259,0.7500796287903259
5,6,4,swap,random,heavy,0.3,0.5,zne,0.5765416348699508,0.6765416348699508,0.6665416348699508,0.6665416348699508,0.6765416348699508
3,7,8,cx,random,medium,0.2916666666666667,0.2857142857142857,zne,0.9633801418147032,1.0633801418147033,0.95,0.92,1.0633801418147033
12,12,2,cx,random,medium,0.5,0.3333333333333333,zne,0.5614556532042477,0.6614556532042477,0.6314556532042477,0.6114556532042478,0.6614556532042477
3,7,8,cz,random,heavy,0.2916666666666667,0.5714285714285714,mem,0.7634483611066303,0.8634483611066303,0.8934483611066303,0.7934483611066303,0.8934483611066303
3,3,2,cx,random,heavy,0.5,0.3333333333333333,none,0.6859817651788703,0.7859817651788703,0.7559817651788703,0.7559817651788703,0.6859817651788703
6,7,3,cx,random,heavy,0.3888888888888889,0.5714285714285714,zne,0.49393941765370153,0.5939394176537015,0.5739394176537015,0.5582251319394158,0.5939394176537015
6,11,8,cz,random,heavy,0.22916666666666666,0.5454545454545454,mem,0.7280421052214983,0.8280421052214982,0.8580421052214983,0.7689511961305892,0.8580421052214983
4,8,8,swap,random,light,0.25,0.5,mem,0.6509014301962046,0.7509014301962046,0.7809014301962046,0.7109014301962047,0.7809014301962046
3,5,7,cx,random,light,0.23809523809523808,0.4,zne,0.9358569108374146,1.0358569108374147,0.95,0.92,1.0358569108374147
2,4,8,cz,random,light,0.25,0.5,zne,0.976786633442049,1.076786633442049,0.95,0.92,1.076786633442049
5,8,5,cx,random,light,0.32,0.25,zne,0.7064928447788835,0.8064928447788835,0.8064928447788835,0.7514928447788836,0.8064928447788835
3,3,5,swap,random,medium,0.2,0.3333333333333333,zne,0.9694297575945628,1.0694297575945628,0.95,0.92,1.0694297575945628
5,11,4,cx,random,heavy,0.55,0.09090909090909091,zne,0.3,0.4,0.39,0.32999999999999996,0.4
6,8,5,cz,random,light,0.26666666666666666,0.5,zne,0.9330710371918336,1.0330710371918337,0.95,0.92,1.0330710371918337
3,5,8,swap,random,medium,0.20833333333333334,0.2,zne,0.9852959455541012,1.0852959455541011,0.95,0.92,1.0852959455541011
9,9,2,cz,random,light,0.5,0.3333333333333333,zne,0.9155656588131091,1.0155656588131092,0.95,0.92,1.0155656588131092
5,6,5,cz,random,heavy,0.24,0.6666666666666666,zne,0.6967100049049058,0.7967100049049057,0.7967100049049057,0.7267100049049058,0.7967100049049057
2,3,7,swap,random,light,0.21428571428571427,0.3333333333333333,zne,0.9952118110542918,1.0952118110542919,0.95,0.92,1.0952118110542919
4,4,7,swap,random,heavy,0.14285714285714285,0.25,zne,0.954023220347639,1.054023220347639,0.95,0.92,1.054023220347639
8,11,3,cz,random,medium,0.4583333333333333,0.45454545454545453,zne,0.3,0.4,0.38,0.3518181818181818,0.4
6,9,6,swap,random,medium,0.25,0.4444444444444444,mem,0.6979435941182619,0.7979435941182619,0.8079435941182619,0.7279435941182619,0.8079435941182619
4,4,2,cz,random,heavy,0.5,0.5,none,0.7329858251458582,0.8329858251458582,0.8029858251458581,0.7629858251458582,0.7329858251458582
3,5,8,cz,random,medium,0.20833333333333334,0.2,mem,0.7312325518980156,0.8312325518980156,0.8612325518980156,0.7852325518980157,0.8612325518980156
6,6,5,swap,random,heavy,0.2,0.6666666666666666,zne,0.787587606980992,0.8875876069809919,0.8875876069809919,0.837587606980992,0.8875876069809919
4,5,5,cz,random,medium,0.25,0.4,zne,0.7608862773318068,0.8608862773318068,0.8608862773318068,0.7908862773318068,0.8608862773318068
2,2,5,cx,random,light,0.2,0.0,zne,1.0000000000288538,1.100000000028854,0.95,0.92,1.100000000028854
5,5,2,swap,random,light,0.5,0.6,none,0.8750807438092544,0.9750807438092544,0.9450807438092543,0.92,0.8750807438092544
3,5,6,cx,random,medium,0.2777777777777778,0.6,zne,0.9241313872078945,1.0241313872078945,0.95,0.92,1.0241313872078945
3,5,8,swap,random,light,0.20833333333333334,0.4,mem,0.7385419461154604,0.8385419461154604,0.8685419461154604,0.7925419461154605,0.8685419461154604
7,8,2,cx,random,medium,0.5714285714285714,0.25,zne,0.4182046420392025,0.5182046420392025,0.4882046420392025,0.4482046420392025,0.5182046420392025
4,8,4,cz,random,light,0.5,0.375,zne,0.7022004329882288,0.8022004329882287,0.7922004329882287,0.7472004329882288,0.8022004329882287
5,7,4,cx,random,light,0.35,0.42857142857142855,zne,0.932436666053698,1.032436666053698,0.95,0.92,1.032436666053698
5,8,5,cz,random,medium,0.32,0.5,zne,0.8818931475876205,0.9818931475876205,0.95,0.92,0.9818931475876205
5,12,6,cz,random,medium,0.4,0.3333333333333333,mem,0.77255197144709,0.87255197144709,0.88255197144709,0.80255197144709,0.88255197144709
2,4,8,swap,random,heavy,0.25,0.25,mem,0.797848294834683,0.897848294834683,0.927848294834683,0.827848294834683,0.927848294834683
3,4,8,swap,random,medium,0.16666666666666666,0.5,zne,0.9734068375885107,1.0734068375885106,0.95,0.92,1.0734068375885106
3,6,6,swap,random,medium,0.3333333333333333,0.16666666666666666,zne,0.9663103026973127,1.0663103026973126,0.95,0.92,1.0663103026973126
4,8,8,cx,random,light,0.25,0.5,zne,0.95686626007928,1.05686626007928,0.95,0.92,1.05686626007928
8,13,5,cz,random,light,0.325,0.6153846153846154,zne,0.7296000349624372,0.8296000349624372,0.8296000349624372,0.8057538811162833,0.8296000349624372
3,5,7,cx,random,heavy,0.23809523809523808,0.6,mem,0.7559110339334386,0.8559110339334386,0.8759110339334386,0.8099110339334387,0.8759110339334386
3,3,2,cx,random,heavy,0.5,0.6666666666666666,none,0.7585750554527114,0.8585750554527114,0.8285750554527114,0.7885750554527114,0.7585750554527114
2,2,5,cx,random,medium,0.2,0.5,zne,0.9705641689156634,1.0705641689156635,0.95,0.92,1.0705641689156635
7,8,3,cx,random,light,0.38095238095238093,0.5,zne,0.922529563208095,1.022529563208095,0.95,0.92,1.022529563208095
5,5,2,swap,random,heavy,0.5,0.8,zne,0.5919647186915462,0.6919647186915462,0.6619647186915463,0.6219647186915462,0.6919647186915462
5,5,4,cx,random,light,0.25,0.4,zne,0.7207839877506201,0.8207839877506201,0.8107839877506201,0.7507839877506202,0.8207839877506201
6,11,6,swap,random,light,0.3055555555555556,0.2727272727272727,mem,0.8631408945190873,0.9631408945190872,0.95,0.9040499854281782,0.95
5,5,2,cz,random,light,0.5,0.6,zne,0.44837049987364286,0.5483704998736428,0.5183704998736429,0.5023704998736429,0.5483704998736428
3,4,7,cz,random,medium,0.19047619047619047,0.5,zne,0.9499228689293242,1.0499228689293243,0.95,0.92,1.0499228689293243
4,10,5,swap,random,heavy,0.5,0.2,zne,0.5114815529726249,0.6114815529726249,0.6114815529726249,0.5534815529726249,0.6114815529726249
3,5,5,swap,random,medium,0.3333333333333333,0.6,zne,0.921271266128127,1.0212712661281271,0.95,0.92,1.0212712661281271
7,13,6,cz,random,light,0.30952380952380953,0.38461538461538464,mem,0.7916063223296473,0.8916063223296473,0.9016063223296473,0.8216063223296474,0.9016063223296473
3,4,4,cx,random,heavy,0.3333333333333333,0.5,zne,0.8787018638232067,0.9787018638232067,0.95,0.92,0.9787018638232067
5,9,6,swap,random,heavy,0.3,0.4444444444444444,mem,0.6810375161683726,0.7810375161683726,0.7910375161683726,0.7243708495017059,0.7910375161683726
7,11,5,cz,random,light,0.3142857142857143,0.45454545454545453,zne,0.6273087079929037,0.7273087079929037,0.7273087079929037,0.6791268898110856,0.7273087079929037
6,9,3,swap,random,light,0.5,0.2222222222222222,zne,0.8163352234330254,0.9163352234330254,0.8963352234330254,0.8596685567663588,0.9163352234330254
3,4,4,cz,random,light,0.3333333333333333,0.5,zne,0.9633858958195227,1.0633858958195228,0.95,0.92,1.0633858958195228
6,8,8,cz,random,medium,0.16666666666666666,0.25,mem,0.8479861863556521,0.9479861863556521,0.95,0.9079861863556522,0.95
5,5,2,swap,random,heavy,0.5,0.6,zne,0.5275376329274308,0.6275376329274308,0.5975376329274309,0.5575376329274309,0.6275376329274308
3,5,6,cx,random,heavy,0.2777777777777778,0.8,mem,0.8410935441863014,0.9410935441863014,0.95,0.9190935441863014,0.95
5,9,5,cz,random,medium,0.36,0.3333333333333333,zne,0.6552881871318409,0.7552881871318409,0.7552881871318409,0.7119548537985075,0.7552881871318409
2,2,6,swap,random,light,0.16666666666666666,0.0,zne,0.955214760579008,1.055214760579008,0.95,0.92,1.055214760579008
4,7,8,cz,random,heavy,0.21875,0.5714285714285714,mem,0.8684978839938957,0.9684978839938957,0.95,0.92,0.95
7,9,3,cx,random,medium,0.42857142857142855,0.6666666666666666,zne,0.5923402901483104,0.6923402901483103,0.6723402901483103,0.6623402901483103,0.6923402901483103
3,7,6,swap,random,light,0.3888888888888889,0.14285714285714285,zne,0.9880681346816245,1.0880681346816246,0.95,0.92,1.0880681346816246
5,7,6,cz,random,heavy,0.23333333333333334,0.8571428571428571,mem,0.7763942855283793,0.8763942855283793,0.8863942855283793,0.8578228569569507,0.8863942855283793
5,8,5,swap,random,heavy,0.32,0.25,zne,0.5272822125298069,0.6272822125298069,0.6272822125298069,0.5572822125298069,0.6272822125298069
2,3,4,cz,random,light,0.375,0.0,zne,0.9949017162631135,1.0949017162631136,0.95,0.92,1.0949017162631136
5,6,2,cz,random,heavy,0.6,0.3333333333333333,zne,0.3,0.4,0.37,0.35,0.4
3,5,7,cx,random,heavy,0.23809523809523808,0.4,mem,0.8925693336175441,0.9925693336175441,0.95,0.92,0.95
4,6,5,cz,random,light,0.3,0.5,zne,0.7710773621712598,0.8710773621712598,0.8710773621712598,0.8410773621712597,0.8710773621712598
6,6,2,cz,random,heavy,0.5,0.8333333333333334,zne,0.6437593446729462,0.7437593446729461,0.7137593446729462,0.6937593446729462,0.7437593446729461
3,3,2,swap,random,heavy,0.5,0.3333333333333333,none,0.8411591478792195,0.9411591478792195,0.9111591478792196,0.8711591478792196,0.8411591478792195
7,8,2,cz,random,heavy,0.5714285714285714,0.375,zne,0.3,0.4,0.37,0.32999999999999996,0.4
4,9,8,swap,random,heavy,0.28125,0.4444444444444444,mem,0.6600862478120526,0.7600862478120526,0.7900862478120526,0.7167529144787192,0.7900862478120526
8,10,3,swap,random,heavy,0.4166666666666667,0.6,zne,0.5440205123764794,0.6440205123764794,0.6240205123764794,0.5980205123764795,0.6440205123764794
2,2,5,cx,random,light,0.2,0.5,zne,0.9748359872959669,1.074835987295967,0.95,0.92,1.074835987295967
5,7,7,cz,random,heavy,0.2,0.7142857142857143,mem,0.8155025408829144,0.9155025408829144,0.9355025408829144,0.8626453980257716,0.9355025408829144
9,12,3,cx,random,heavy,0.4444444444444444,0.5833333333333334,zne,0.5820154462343776,0.6820154462343776,0.6620154462343776,0.6620154462343776,0.6820154462343776
4,6,5,cx,random,heavy,0.3,0.5,zne,0.658549313608686,0.7585493136086859,0.7585493136086859,0.7285493136086859,0.7585493136086859
3,6,5,swap,random,heavy,0.4,0.3333333333333333,zne,0.7300433585860037,0.8300433585860036,0.8300433585860036,0.7800433585860037,0.8300433585860036
4,6,6,swap,random,light,0.25,0.3333333333333333,zne,0.9624195286315024,1.0624195286315024,0.95,0.92,1.0624195286315024
5,8,3,cx,random,heavy,0.5333333333333333,0.375,zne,0.5610950878435985,0.6610950878435985,0.6410950878435985,0.6060950878435986,0.6610950878435985
5,9,8,swap,random,light,0.225,0.4444444444444444,mem,0.8390440591654071,0.9390440591654071,0.95,0.8690440591654072,0.95
5,6,3,cz,random,light,0.4,0.6666666666666666,none,0.9277946684013627,1.0277946684013628,0.95,0.92,0.9277946684013627
13,14,2,cx,random,heavy,0.5384615384615384,0.42857142857142855,zne,0.3,0.4,0.37,0.3557142857142857,0.4
8,11,4,cz,random,heavy,0.34375,0.5454545454545454,zne,0.3,0.4,0.39,0.3409090909090909,0.4
2,4,6,cz,random,heavy,0.3333333333333333,0.25,mem,0.775537773100265,0.8755377731002649,0.8855377731002649,0.8355377731002649,0.8855377731002649
3,4,8,cz,random,light,0.16666666666666666,0.25,mem,0.8649475576531334,0.9649475576531333,0.95,0.8949475576531334,0.95
5,7,4,cx,random,medium,0.35,0.5714285714285714,zne,0.6123880078338684,0.7123880078338684,0.7023880078338683,0.6595308649767255,0.7123880078338684
3,5,5,cz,random,heavy,0.3333333333333333,0.2,zne,0.5482917183711941,0.648291718371194,0.648291718371194,0.6022917183711941,0.648291718371194
4,5,7,swap,random,heavy,0.17857142857142858,0.6,mem,0.7738500552604561,0.8738500552604561,0.8938500552604561,0.8278500552604562,0.8938500552604561
14,14,2,swap,random,heavy,0.5,0.5714285714285714,zne,0.3,0.4,0.37,0.3557142857142857,0.4
2,6,8,swap,random,heavy,0.375,0.0,mem,0.7386105787683559,0.8386105787683559,0.8686105787683559,0.7686105787683559,0.8686105787683559
3,6,6,swap,random,heavy,0.3333333333333333,0.3333333333333333,mem,0.7501452179587796,0.8501452179587796,0.8601452179587796,0.8001452179587797,0.8601452179587796
3,4,5,swap,random,light,0.26666666666666666,0.5,zne,0.8841123091909118,0.9841123091909117,0.95,0.92,0.9841123091909117
3,3,5,swap,random,heavy,0.2,0.3333333333333333,zne,0.9364448601203302,1.0364448601203302,0.95,0.92,1.0364448601203302
2,3,3,swap,random,light,0.5,0.3333333333333333,none,0.9771926210397153,1.0771926210397154,0.95,0.92,0.9771926210397153
3,4,6,cz,random,heavy,0.2222222222222222,0.5,mem,0.8320792767018199,0.9320792767018199,0.9420792767018199,0.8620792767018199,0.9420792767018199
4,9,7,cz,random,light,0.32142857142857145,0.2222222222222222,mem,0.7099061323282717,0.8099061323282717,0.8299061323282717,0.7399061323282717,0.8299061323282717
3,3,7,cx,random,medium,0.14285714285714285,0.6666666666666666,zne,0.9598527426999033,1.0598527426999034,0.95,0.92,1.0598527426999034
3,6,7,cx,random,heavy,0.2857142857142857,0.3333333333333333,zne,0.9065745223798388,1.0065745223798388,0.95,0.92,1.0065745223798388
2,2,6,swap,random,light,0.16666666666666666,0.0,mem,0.8334658990417374,0.9334658990417374,0.9434658990417374,0.8634658990417374,0.9434658990417374
3,8,8,cx,random,heavy,0.3333333333333333,0.25,mem,0.8005444655113574,0.9005444655113574,0.9305444655113574,0.8305444655113574,0.9305444655113574
3,3,7,cx,random,medium,0.14285714285714285,0.3333333333333333,zne,0.9799608382265184,1.0799608382265184,0.95,0.92,1.0799608382265184
5,11,7,swap,random,light,0.3142857142857143,0.6363636363636364,mem,0.7744853166164847,0.8744853166164847,0.8944853166164847,0.8153944075255756,0.8944853166164847
3,6,6,cz,random,light,0.3333333333333333,0.5,mem,0.8064211296757839,0.9064211296757839,0.9164211296757839,0.836421129675784,0.9164211296757839
5,12,6,cz,random,medium,0.4,0.4166666666666667,mem,0.7410235351942676,0.8410235351942675,0.8510235351942675,0.7710235351942676,0.8510235351942675
4,5,3,cx,random,heavy,0.4166666666666667,0.4,zne,0.3,0.4,0.38,0.354,0.4
8,9,3,cx,random,medium,0.375,0.4444444444444444,zne,0.8950567070424628,0.9950567070424627,0.95,0.92,0.9950567070424627
4,7,7,cz,random,medium,0.25,0.42857142857142855,mem,0.6798834102748113,0.7798834102748112,0.7998834102748112,0.7270262674176684,0.7998834102748112
4,4,3,cz,random,medium,0.3333333333333333,0.5,none,0.8498008340478863,0.9498008340478863,0.9298008340478863,0.9098008340478863,0.8498008340478863
6,11,4,cx,random,medium,0.4583333333333333,0.36363636363636365,zne,0.8524228235343451,0.952422823534345,0.942422823534345,0.9042410053525269,0.952422823534345
5,6,3,cz,random,heavy,0.4,0.16666666666666666,zne,0.5818586300493784,0.6818586300493784,0.6618586300493784,0.6118586300493785,0.6818586300493784
7,8,2,cz,random,light,0.5714285714285714,0.375,zne,0.44561451075243397,0.545614510752434,0.5156145107524339,0.49061451075243395,0.545614510752434
5,6,3,cx,random,medium,0.4,0.3333333333333333,zne,0.5965908341361825,0.6965908341361825,0.6765908341361825,0.6265908341361826,0.6965908341361825
3,4,7,cx,random,heavy,0.19047619047619047,0.75,mem,0.8778884486136829,0.9778884486136828,0.95,0.92,0.95
4,7,8,swap,random,light,0.21875,0.2857142857142857,mem,0.8239012580535985,0.9239012580535985,0.95,0.8710441151964556,0.95
3,4,8,cz,random,light,0.16666666666666666,0.5,zne,0.98423758519222,1.0842375851922201,0.95,0.92,1.0842375851922201
4,4,7,cz,random,medium,0.14285714285714285,0.75,zne,0.9397319720334623,1.0397319720334623,0.95,0.92,1.0397319720334623
5,8,5,cx,random,medium,0.32,0.75,zne,0.676407776979378,0.776407776979378,0.776407776979378,0.7214077769793781,0.776407776979378
4,6,6,cx,random,heavy,0.25,0.5,mem,0.7380753824270645,0.8380753824270645,0.8480753824270645,0.7880753824270645,0.8480753824270645
6,8,5,swap,random,light,0.26666666666666666,0.5,zne,0.9375133823548714,1.0375133823548714,0.95,0.92,1.0375133823548714
11,12,2,cx,random,light,0.5454545454545454,0.5833333333333334,zne,0.45121813853938375,0.5512181385393837,0.5212181385393837,0.5012181385393838,0.5512181385393837
7,11,7,cz,random,medium,0.22448979591836735,0.45454545454545453,mem,0.5340318169423169,0.6340318169423169,0.6540318169423169,0.564031816942317,0.6540318169423169
5,6,3,swap,random,light,0.4,0.3333333333333333,none,0.950218858146271,1.050218858146271,0.95,0.92,0.950218858146271
8,9,2,cx,random,medium,0.5625,0.4444444444444444,zne,0.7893623497467517,0.8893623497467517,0.8593623497467517,0.8460290164134183,0.8893623497467517
5,12,7,cz,random,medium,0.34285714285714286,0.25,mem,0.8287610537785411,0.9287610537785411,0.9487610537785411,0.8787610537785412,0.9487610537785411
3,3,2,swap,random,heavy,0.5,0.6666666666666666,none,0.7900034986071167,0.8900034986071167,0.8600034986071168,0.8600034986071167,0.7900034986071167
7,9,3,cz,random,light,0.42857142857142855,0.5555555555555556,zne,0.6558234807499816,0.7558234807499816,0.7358234807499816,0.6858234807499817,0.7558234807499816
7,9,4,cx,random,light,0.32142857142857145,0.5555555555555556,zne,0.9464143900511258,1.0464143900511258,0.95,0.92,1.0464143900511258
4,8,7,cx,random,medium,0.2857142857142857,0.5,mem,0.775012140683776,0.875012140683776,0.895012140683776,0.850012140683776,0.895012140683776
5,6,2,cx,random,light,0.6,0.3333333333333333,none,0.9260496434458187,1.0260496434458188,0.95,0.92,0.9260496434458187
7,7,2,cx,random,light,0.5,0.2857142857142857,zne,0.3,0.4,0.37,0.34714285714285714,0.4
5,5,2,swap,random,medium,0.5,0.6,zne,0.47000468515387117,0.5700046851538711,0.5400046851538711,0.5240046851538712,0.5700046851538711
4,6,5,swap,random,heavy,0.3,0.3333333333333333,zne,0.6950224118067391,0.795022411806739,0.795022411806739,0.7250224118067391,0.795022411806739
4,8,7,cx,random,medium,0.2857142857142857,0.5,mem,0.7839901493371861,0.8839901493371861,0.9039901493371861,0.8439901493371862,0.9039901493371861
7,10,6,cx,random,heavy,0.23809523809523808,0.7,mem,0.7209334387256452,0.8209334387256452,0.8309334387256452,0.7629334387256452,0.8309334387256452
5,6,5,swap,random,light,0.24,0.5,zne,0.9263660158446548,1.0263660158446548,0.95,0.92,1.0263660158446548
8,10,4,cz,random,medium,0.3125,0.5,zne,0.44251429757621863,0.5425142975762186,0.5325142975762186,0.4965142975762186,0.5425142975762186
6,9,3,cx,random,medium,0.5,0.4444444444444444,zne,0.9117425027491245,1.0117425027491245,0.95,0.92,1.0117425027491245
11,13,2,cz,random,medium,0.5909090909090909,0.46153846153846156,zne,0.6537549998545468,0.7537549998545467,0.7237549998545467,0.692985769085316,0.7537549998545467
6,7,2,cz,random,medium,0.5833333333333334,0.42857142857142855,zne,0.5863318951363325,0.6863318951363325,0.6563318951363326,0.6506176094220468,0.6863318951363325
9,11,4,cx,random,light,0.3055555555555556,0.45454545454545453,zne,0.715852442825164,0.815852442825164,0.805852442825164,0.7567615337342549,0.815852442825164
4,6,7,cx,random,light,0.21428571428571427,0.6666666666666666,zne,0.9055412143821936,1.0055412143821936,0.95,0.92,1.0055412143821936
2,3,4,cx,random,medium,0.375,0.3333333333333333,zne,0.7237227859045605,0.8237227859045605,0.8137227859045605,0.7937227859045605,0.8237227859045605
9,11,2,cz,random,heavy,0.6111111111111112,0.09090909090909091,zne,0.49224161770697583,0.5922416177069758,0.5622416177069758,0.5222416177069759,0.5922416177069758
5,5,2,cz,random,medium,0.5,0.4,none,0.67147248317328,0.77147248317328,0.74147248317328,0.7254724831732801,0.67147248317328
2,2,7,swap,random,light,0.14285714285714285,0.0,mem,0.8574512038984119,0.9574512038984119,0.95,0.8874512038984119,0.95
4,9,8,swap,random,light,0.28125,0.3333333333333333,mem,0.8507418151909305,0.9507418151909305,0.95,0.8940751485242638,0.95
7,10,4,cz,random,medium,0.35714285714285715,0.7,zne,0.6289042413145652,0.7289042413145652,0.7189042413145652,0.6829042413145653,0.7289042413145652
6,10,8,swap,random,light,0.20833333333333334,0.7,mem,0.8359125757853015,0.9359125757853015,0.95,0.8899125757853016,0.95
3,6,8,cz,random,light,0.25,0.3333333333333333,zne,0.9051549329871486,1.0051549329871485,0.95,0.92,1.0051549329871485
9,9,2,cz,random,medium,0.5,0.2222222222222222,zne,0.4123938455482865,0.5123938455482865,0.4823938455482865,0.44239384554828654,0.5123938455482865
5,7,7,cx,random,medium,0.2,0.5714285714285714,mem,0.8145164072663438,0.9145164072663438,0.9345164072663438,0.8959449786949152,0.9345164072663438
3,4,8,cz,random,heavy,0.16666666666666666,0.75,zne,0.9046151953499162,1.0046151953499163,0.95,0.92,1.0046151953499163
4,5,7,swap,random,heavy,0.17857142857142858,0.4,zne,0.905869194024291,1.005869194024291,0.95,0.92,1.005869194024291
2,2,4,cx,random,medium,0.25,0.5,zne,0.9598631770238559,1.059863177023856,0.95,0.92,1.059863177023856
7,9,3,cx,random,heavy,0.42857142857142855,0.5555555555555556,zne,0.6966583879691688,0.7966583879691688,0.7766583879691688,0.7799917213025022,0.7966583879691688
3,6,5,swap,random,light,0.4,0.5,zne,0.820117137838892,0.9201171378388919,0.9201171378388919,0.870117137838892,0.9201171378388919
2,2,6,cx,random,medium,0.16666666666666666,0.5,zne,0.9834997186381913,1.0834997186381914,0.95,0.92,1.0834997186381914
5,6,5,cx,random,medium,0.24,0.6666666666666666,zne,0.7438035478184873,0.8438035478184873,0.8438035478184873,0.7938035478184874,0.8438035478184873
4,5,2,cx,random,heavy,0.625,0.4,zne,0.5792678104788905,0.6792678104788905,0.6492678104788905,0.6092678104788906,0.6792678104788905
2,2,6,cx,random,light,0.16666666666666666,0.5,zne,0.9885963105198576,1.0885963105198577,0.95,0.92,1.0885963105198577
5,8,6,cx,random,heavy,0.26666666666666666,0.625,mem,0.5649640882100944,0.6649640882100943,0.6749640882100943,0.6549640882100943,0.6749640882100943
3,3,4,swap,random,light,0.25,0.6666666666666666,zne,0.9642671556649096,1.0642671556649097,0.95,0.92,1.0642671556649097
9,13,3,swap,random,medium,0.48148148148148145,0.5384615384615384,zne,0.6826367127958726,0.7826367127958725,0.7626367127958725,0.731098251257411,0.7826367127958725
2,5,8,swap,random,medium,0.3125,0.4,zne,0.9586244562549979,1.058624456254998,0.95,0.92,1.058624456254998
4,4,6,swap,random,heavy,0.16666666666666666,0.75,mem,0.8697517874671624,0.9697517874671624,0.95,0.92,0.95
3,7,8,cz,random,light,0.2916666666666667,0.14285714285714285,mem,0.7366019089814306,0.8366019089814306,0.8666019089814306,0.7837447661242878,0.8666019089814306
5,8,7,cz,random,light,0.22857142857142856,0.375,zne,0.9150942601487368,1.015094260148737,0.95,0.92,1.015094260148737
6,7,3,swap,random,medium,0.3888888888888889,0.5714285714285714,zne,0.7052936882383745,0.8052936882383744,0.7852936882383744,0.7695794025240887,0.8052936882383744
